{
  "version": 2,
  "name": "monymon-game",
  "builds": [
    {
      "src": "*.html",
      "use": "@vercel/static"
    },
    {
      "src": "*.md",
      "use": "@vercel/static"
    }
  ],
  "routes": [
    {
      "src": "/jugar",
      "dest": "/monymon-complete.html"
    },
    {
      "src": "/game",
      "dest": "/monymon-complete.html"
    },
    {
      "src": "/play",
      "dest": "/monymon-complete.html"
    },
    {
      "src": "/monymon",
      "dest": "/monymon-complete.html"
    },
    {
      "src": "/(.*)",
      "dest": "/$1"
    }
  ],
  "headers": [
    {
      "source": "/(.*)",
      "headers": [
        {
          "key": "X-Frame-Options",
          "value": "SAMEORIGIN"
        },
        {
          "key": "X-Content-Type-Options",
          "value": "nosniff"
        },
        {
          "key": "X-XSS-Protection",
          "value": "1; mode=block"
        },
        {
          "key": "Referrer-Policy",
          "value": "strict-origin-when-cross-origin"
        }
      ]
    },
    {
      "source": "/(.*\\.(js|css|png|jpg|svg))",
      "headers": [
        {
          "key": "Cache-Control",
          "value": "public, max-age=31536000"
        }
      ]
    }
  ],
  "env": {
    "NODE_ENV": "production"
  }
}

